URL,Error
https://cts.businesswire.com/ct/CT?id=smartlink&url=https%3A%2F%2Fdiscover.jdpa.com%2Fhubfs%2FFiles%2FIndustry%2520Campaigns%2FValuation%2520Services%2F11.2021_Commercial%2520Truck%2520Guidelines.pdf&esheet=52535508&newsitemid=20211122005179&lan=en-US&anchor=Download+the+free+November+2021+Commercial+Truck+Guidelines+Industry+Update&index=3&md5=36ab506cfaf88d1690474e5410207909,Timeout: Request took longer than 30 seconds
https://cts.businesswire.com/ct/CT?id=smartlink&url=https%3A%2F%2Fdiscover.jdpa.com%2Fhubfs%2FFiles%2FIndustry%2520Campaigns%2FValuation%2520Services%2F10.2021_Commercial%2520Truck%2520Guidelines.pdf&esheet=52513887&newsitemid=20211022005121&lan=en-US&anchor=Download+the+free+September+2021+Commercial+Truck+Guidelines+Industry+Update&index=3&md5=2228572ff53d6fd11998588f421fd73b,Timeout: Request took longer than 30 seconds
https://cts.businesswire.com/ct/CT?id=smartlink&url=https%3A%2F%2Fdiscover.jdpa.com%2Fhubfs%2FFiles%2FIndustry%2520Campaigns%2FValuation%2520Services%2F09.2021_Commercial%2520Truck%2520Guidelines.pdf&esheet=52494368&newsitemid=20210920005760&lan=en-US&anchor=Download+the+free+September+2021+Commercial+Truck+Guidelines+Industry+Update&index=3&md5=1732728ec4cf3d31060f2e5014446d65,Timeout: Request took longer than 30 seconds
https://cts.businesswire.com/ct/CT?id=smartlink&url=https%3A%2F%2Fdiscover.jdpa.com%2Fhubfs%2FFiles%2FIndustry%2520Campaigns%2FValuation%2520Services%2F08.2021_Commercial%2520Truck%2520Guidelines.pdf&esheet=52478650&newsitemid=20210818005269&lan=en-US&anchor=free+monthly+report&index=2&md5=19370100cd3c6263494fd0653e30a8b5,"('Connection aborted.', RemoteDisconnected('Remote end closed connection without response'))"
https://cts.businesswire.com/ct/CT?id=smartlink&url=https%3A%2F%2Fdiscover.jdpa.com%2Fhubfs%2FFiles%2FIndustry%2520Campaigns%2FValuation%2520Services%2F07.2021_Commercial%2520Truck%2520Guidelines.pdf&esheet=52461504&newsitemid=20210716005429&lan=en-US&anchor=Download+the+free+July+2021+Commercial+Truck+Guidelines+Industry+Update&index=3&md5=b937806b29087643f7f9ad2488ef9726,"('Connection aborted.', RemoteDisconnected('Remote end closed connection without response'))"
https://cts.businesswire.com/ct/CT?id=smartlink&url=https%3A%2F%2Fdiscover.jdpa.com%2Fhubfs%2FFiles%2FIndustry%2520Campaigns%2FValuation%2520Services%2F05.2021_Commercial%2520Truck%2520Guidelines.pdf&esheet=52431899&newsitemid=20210519005136&lan=en-US&anchor=Download+the+free+May+2021+Commercial+Truck+Guidelines+Industry+Update&index=3&md5=f845785630eee429430605011f8dd40e,"('Connection aborted.', RemoteDisconnected('Remote end closed connection without response'))"
https://cts.businesswire.com/ct/CT?id=smartlink&url=https%3A%2F%2Fdiscover.jdpa.com%2Fhubfs%2FFiles%2FIndustry%2520Campaigns%2FValuation%2520Services%2F04.2021_Commercial%2520Truck%2520Guidelines.pdf&esheet=52413430&newsitemid=20210416005556&lan=en-US&anchor=April+2021+Commercial+Truck+Guidelines+Industry+Update&index=1&md5=5715fb776dd24b82ca6ad6f324c0dec9,Timeout: Request took longer than 30 seconds
https://cts.businesswire.com/ct/CT?id=smartlink&url=https%3A%2F%2Fdiscover.jdpa.com%2Fhubfs%2FFiles%2FIndustry%2520Campaigns%2FValuation%2520Services%2F03.2021_Commercial%2520Truck%2520Guidelines.pdf&esheet=52397789&newsitemid=20210318005144&lan=en-US&anchor=March+2021+Commercial+Truck+Guidelines+Industry+Update&index=1&md5=acd013843d2b7219b23940d7e4044ae1,Timeout: Request took longer than 30 seconds
https://cts.businesswire.com/ct/CT?id=smartlink&url=https%3A%2F%2Fdiscover.jdpa.com%2Fhubfs%2FFiles%2FIndustry%2520Campaigns%2FValuation%2520Services%2F02.2021_Commercial%2520Truck%2520Guidelines.pdf&esheet=52381780&newsitemid=20210218006053&lan=en-US&anchor=February+2021+Commercial+Truck+Guidelines+Industry+Update&index=1&md5=4d60da057274268698fd158e1ad95aeb,Timeout: Request took longer than 30 seconds
https://cts.businesswire.com/ct/CT?id=smartlink&url=https%3A%2F%2Fdiscover.jdpa.com%2Fhubfs%2FFiles%2FIndustry%2520Campaigns%2FValuation%2520Services%2F01.2021_Commercial%2520Truck%2520Guidelines.pdf&esheet=52365521&newsitemid=20210121005693&lan=en-US&anchor=January+2021+Commercial+Truck+Guidelines+Industry+Update&index=1&md5=26fe151f26df5c13b3b32604963a7331,Timeout: Request took longer than 30 seconds
